year,CDC,AGI,state
1972,1156,NA,AL
1974,3392,5080,AL
1975,2747,6020,AL
1976,7278,8350,AL
1977,11042,11680,AL
1978,13260,15120,AL
1979,15449,17590,AL
1980,17920,20780,AL
1981,13485,19840,AL
1982,16081,19930,AL
1983,17147,NA,AL
1984,16005,19210,AL
1985,15652,19380,AL
1986,15540,NA,AL
1987,14642,19630,AL
1988,14746,18220,AL
1989,14311,NA,AL
1990,15012,NA,AL
1991,14097,17400,AL
1992,13358,17450,AL
1993,14494,NA,AL
1994,14825,NA,AL
1995,14221,14580,AL
1996,13826,15150,AL
1997,13063,NA,AL
1998,13386,NA,AL
1999,13273,14300,AL
2000,13553,13830,AL
2001,13382,NA,AL
2002,12249,NA,AL
2003,10979,NA,AL
2004,11370,11300,AL
2005,11211,11340,AL
2006,11654,NA,AL
2007,11267,11270,AL
2008,11268,11270,AL
2009,10882,NA,AL
2010,10280,10280,AL
2011,9523,9550,AL
2012,9076,NA,AL
2013,8485,8420,AL
2014,8080,8020,AL
2015,5899,NA,AL
2016,6642,NA,AL
2017,6063,NA,AL
1970,408,NA,AK
1971,1145,NA,AK
1972,1172,NA,AK
1973,1165,1150,AK
1974,1025,1160,AK
1975,1248,1620,AK
1976,1213,1660,AK
1977,1074,2630,AK
1978,669,2600,AK
1979,1890,1890,AK
1980,1890,1890,AK
1981,1880,1880,AK
1982,1930,1930,AK
1983,1930,NA,AK
1984,1666,3170,AK
1985,1966,3450,AK
1986,1751,NA,AK
1987,1785,2560,AK
1988,1463,2390,AK
1989,1527,NA,AK
1990,1489,NA,AK
1991,1718,2400,AK
1992,1783,2370,AK
1993,1644,NA,AK
1994,1585,NA,AK
1995,1897,1990,AK
1996,2139,2040,AK
1997,1632,NA,AK
2003,1806,NA,AK
2004,1937,1920,AK
2005,1956,1880,AK
2006,1923,NA,AK
2007,1701,1720,AK
2008,1759,1700,AK
2009,1938,NA,AK
2010,1716,1930,AK
2011,1627,1820,AK
2012,1632,NA,AK
2013,1450,1570,AK
2014,1518,1470,AK
2015,1334,NA,AK
2016,1260,NA,AK
2017,1255,NA,AK
1972,275,NA,AZ
1974,6130,5610,AZ
1975,5482,6730,AZ
1976,5202,7930,AZ
1977,6130,9600,AZ
1978,6833,13370,AZ
1979,7811,14500,AZ
1980,9278,15790,AZ
1981,10573,16500,AZ
1982,12539,15830,AZ
1983,13664,NA,AZ
1984,14874,21190,AZ
1985,15604,22330,AZ
1986,15803,NA,AZ
1987,17138,22130,AZ
1988,15922,23070,AZ
1989,12688,NA,AZ
1990,15783,NA,AZ
1991,15491,19690,AZ
1992,14353,20600,AZ
1993,13648,NA,AZ
1994,13930,NA,AZ
1995,11933,18120,AZ
1996,11016,19310,AZ
1997,11266,NA,AZ
1998,14747,NA,AZ
1999,10765,16500,AZ
2000,10064,17940,AZ
2001,8302,NA,AZ
2002,10677,NA,AZ
2003,10316,NA,AZ
2004,12690,17930,AZ
2005,10778,19480,AZ
2006,10836,NA,AZ
2007,10759,17550,AZ
2008,10660,19500,AZ
2009,10271,NA,AZ
2010,11438,15180,AZ
2011,14401,16100,AZ
2012,13340,NA,AZ
2013,13401,13580,AZ
2014,12900,12870,AZ
2015,12655,NA,AZ
2016,13332,NA,AZ
2017,12533,NA,AZ
1971,637,NA,AR
1972,793,NA,AR
1973,1138,1140,AR
1974,1694,1940,AR
1975,1925,2610,AR
1976,3286,4210,AR
1977,2726,3570,AR
1978,5014,5150,AR
1979,6059,6110,AR
1980,5995,6190,AR
1981,5722,6370,AR
1982,5437,6660,AR
1983,5186,NA,AR
1984,5243,4680,AR
1985,5135,5420,AR
1986,6437,NA,AR
1987,6589,7030,AR
1988,5439,6250,AR
1989,4942,NA,AR
1990,5953,NA,AR
1991,6211,7150,AR
1992,5675,7130,AR
1993,5582,NA,AR
1994,5885,NA,AR
1995,5757,6010,AR
1996,5882,6200,AR
1997,5782,NA,AR
1998,5634,NA,AR
1999,5755,5320,AR
2000,5501,5540,AR
2001,5924,NA,AR
2002,5316,NA,AR
2003,5408,NA,AR
2004,4644,4610,AR
2005,4695,4710,AR
2006,4988,NA,AR
2007,4845,4890,AR
2008,4789,4890,AR
2009,4580,NA,AR
2010,4532,4680,AR
2011,4033,4370,AR
2012,3782,NA,AR
2013,3732,4470,AR
2014,4253,4590,AR
2015,3771,NA,AR
2016,3207,NA,AR
2017,3249,NA,AR
1931,30,NA,CA
1932,30,NA,CA
1933,30,NA,CA
1934,30,NA,CA
1935,30,NA,CA
1936,20,NA,CA
1937,20,NA,CA
1938,20,NA,CA
1939,20,NA,CA
1940,20,NA,CA
1941,10,NA,CA
1942,20,NA,CA
1943,20,NA,CA
1944,20,NA,CA
1945,20,NA,CA
1946,10,NA,CA
1947,10,NA,CA
1948,10,NA,CA
1949,2,NA,CA
1950,2,NA,CA
1967,600,NA,CA
1968,5030,NA,CA
1969,20800,NA,CA
1970,65369,NA,CA
1971,116749,NA,CA
1972,138584,NA,CA
1973,131870,143910,CA
1974,135762,158890,CA
1975,142067,165550,CA
1976,142593,192930,CA
1977,164729,209250,CA
1978,171982,234520,CA
1979,187312,248080,CA
1980,203754,250380,CA
1981,202000,262710,CA
1982,207099,265740,CA
1983,209481,NA,CA
1984,297730,297730,CA
1985,304130,304130,CA
1986,313226,NA,CA
1987,325162,300830,CA
1988,334887,311720,CA
1989,354692,NA,CA
1990,357579,NA,CA
1991,350983,320960,CA
1992,338700,304230,CA
1993,124000,NA,CA
1994,119000,NA,CA
1995,107499,240240,CA
1996,112990,237830,CA
1997,112310,NA,CA
1998,110295,NA,CA
1999,82325,234000,CA
2000,75209,236060,CA
2001,84381,NA,CA
2002,90040,NA,CA
2003,90953,NA,CA
2004,90946,208180,CA
2005,94602,208430,CA
2006,80647,NA,CA
2007,80069,223180,CA
2008,85843,214190,CA
2009,88466,NA,CA
2010,93542,191550,CA
2011,95101,181730,CA
2012,95279,NA,CA
2013,93253,164190,CA
2014,83485,157350,CA
1967,140,NA,CO
1968,521,NA,CO
1969,1000,NA,CO
1970,2581,NA,CO
1971,4273,NA,CO
1972,5383,NA,CO
1973,7451,7580,CO
1974,9027,11310,CO
1975,10466,13640,CO
1976,11539,14920,CO
1977,12913,18680,CO
1978,15397,19800,CO
1979,16476,22420,CO
1980,17601,23140,CO
1981,17240,23860,CO
1982,16685,25170,CO
1983,16793,NA,CO
1984,17550,24600,CO
1985,15553,24350,CO
1986,14144,NA,CO
1987,12232,18850,CO
1988,12425,18740,CO
1989,12445,NA,CO
1990,12679,NA,CO
1991,11402,21010,CO
1992,10607,19880,CO
1993,10115,NA,CO
1994,9584,NA,CO
1995,9384,15690,CO
1996,9710,18310,CO
1997,9183,NA,CO
1998,7493,NA,CO
1999,5017,14800,CO
2000,4215,15530,CO
2001,4633,NA,CO
2002,7757,NA,CO
2003,9852,NA,CO
2004,11415,15500,CO
2005,11682,16120,CO
2006,11048,NA,CO
2007,11363,16260,CO
2008,11581,15960,CO
2009,11598,NA,CO
2010,11438,15060,CO
2011,10474,14710,CO
2012,9972,NA,CO
2013,10199,12870,CO
2014,10648,13160,CO
2015,10114,NA,CO
1972,2579,NA,CT
1974,7083,9320,CT
1975,10820,11440,CT
1976,13447,15670,CT
1977,14997,16680,CT
1978,13784,17800,CT
1979,14214,18390,CT
1980,14835,18450,CT
1981,16565,22620,CT
1982,18449,23180,CT
1983,18653,NA,CT
1984,19534,21490,CT
1985,19729,21850,CT
1986,19868,NA,CT
1987,19994,22380,CT
1988,20219,23630,CT
1989,19731,NA,CT
1990,18776,NA,CT
1991,18534,20530,CT
1992,17762,19720,CT
1993,16690,NA,CT
1994,18534,NA,CT
1995,11325,16680,CT
1996,14094,16230,CT
1997,13802,NA,CT
1998,12939,NA,CT
1999,12958,14400,CT
2000,12908,15240,CT
2001,13265,NA,CT
2002,13470,NA,CT
2003,12404,NA,CT
2004,12189,16810,CT
2005,12110,16780,CT
2006,14112,NA,CT
2007,14534,17390,CT
2008,14442,17030,CT
2009,13732,NA,CT
2010,13438,15430,CT
2011,12615,14640,CT
2012,11955,NA,CT
2013,10560,13320,CT
2014,10611,13140,CT
2015,9938,NA,CT
2016,9902,NA,CT
2017,9584,NA,CT
1970,560,NA,DE
1972,1342,NA,DE
1974,2167,2190,DE
1975,2322,2350,DE
1976,2519,2550,DE
1977,2299,3020,DE
1978,3410,3470,DE
1979,3636,3650,DE
1980,3726,3740,DE
1981,4062,4040,DE
1982,3907,3870,DE
1983,4232,NA,DE
1984,4669,4710,DE
1985,4549,4590,DE
1986,4205,NA,DE
1987,5571,5680,DE
1988,5458,5710,DE
1989,5306,NA,DE
1990,5557,NA,DE
1991,5547,5720,DE
1992,5601,5730,DE
1993,5037,NA,DE
1994,5637,NA,DE
1995,4295,5790,DE
1996,4482,4090,DE
1997,5138,NA,DE
1998,5455,NA,DE
1999,5161,5190,DE
2000,5082,5440,DE
2001,4869,NA,DE
2002,4493,NA,DE
2003,4178,NA,DE
2004,4588,4950,DE
2005,4148,5150,DE
2006,4804,NA,DE
2007,4949,7570,DE
2008,4603,7070,DE
2009,4710,NA,DE
2010,4666,6570,DE
2011,3794,5090,DE
2012,3823,NA,DE
2013,3042,3190,DE
2014,2937,3010,DE
2015,2785,NA,DE
2016,1893,NA,DE
1970,1710,NA,DC
1971,18897,NA,DC
1972,38868,NA,DC
1973,40812,44550,DC
1974,22688,33010,DC
1975,31519,31440,DC
1976,31407,32150,DC
1977,29545,31620,DC
1978,29786,30850,DC
1979,28694,28670,DC
1980,27183,28520,DC
1981,25952,30310,DC
1982,24207,28630,DC
1983,22867,NA,DC
1984,23132,23690,DC
1985,19541,23910,DC
1986,19942,NA,DC
1987,20879,25840,DC
1988,20822,26120,DC
1989,19535,NA,DC
1990,19969,NA,DC
1991,18899,21510,DC
1992,17698,21320,DC
1993,17485,NA,DC
1994,16437,NA,DC
1995,14131,16840,DC
1996,13674,15220,DC
1997,8771,NA,DC
1998,8336,NA,DC
1999,7373,9790,DC
2000,6659,9800,DC
2001,5385,NA,DC
2002,5511,NA,DC
2003,5121,NA,DC
2004,2401,7130,DC
2005,2518,7230,DC
2006,2692,NA,DC
2007,2369,4160,DC
2008,2553,4450,DC
2009,2596,NA,DC
2010,2896,4660,DC
2011,2768,4750,DC
2012,2615,NA,DC
2013,2561,5650,DC
2014,2790,5820,DC
2015,1267,NA,DC
1972,3378,NA,FL
1973,16156,22850,FL
1974,15212,30390,FL
1975,16745,46500,FL
1976,37340,51110,FL
1977,41571,57340,FL
1978,43884,63470,FL
1979,56152,70190,FL
1980,61659,73580,FL
1981,67802,77040,FL
1982,64553,76910,FL
1983,64444,NA,FL
1984,50507,75800,FL
1985,53011,76650,FL
1986,50262,NA,FL
1987,52697,80560,FL
1988,65153,82850,FL
1989,62626,NA,FL
1990,66071,NA,FL
1991,71254,84570,FL
1992,69285,84680,FL
1993,70069,NA,FL
1994,73394,NA,FL
1995,74749,87500,FL
1996,80040,94050,FL
1997,81692,NA,FL
1998,82335,NA,FL
1999,83971,94100,FL
2000,88563,103050,FL
2001,85589,NA,FL
2002,87964,NA,FL
2003,89995,NA,FL
2004,91710,96680,FL
2005,92513,92300,FL
2006,95586,NA,FL
2007,91954,95520,FL
2008,87520,94360,FL
2009,82038,NA,FL
2010,79908,86180,FL
2011,77166,84990,FL
2012,76151,NA,FL
2013,72727,77020,FL
2014,72107,75990,FL
2015,72023,NA,FL
2016,69765,NA,FL
2017,69064,NA,FL
2018,54512,NA,FL
1969,168,NA,GA
1970,705,NA,GA
1971,1579,NA,GA
1972,2509,NA,GA
1973,12301,10970,GA
1974,22009,21740,GA
1975,23733,23780,GA
1976,25586,25820,GA
1977,29905,32380,GA
1978,34657,36080,GA
1979,36588,38760,GA
1980,33288,37890,GA
1981,31894,37940,GA
1982,33213,38480,GA
1983,34514,NA,GA
1984,34301,38710,GA
1985,35751,38340,GA
1986,33246,NA,GA
1987,36439,36030,GA
1988,35213,36720,GA
1989,35857,NA,GA
1990,39245,NA,GA
1991,38407,39720,GA
1992,38052,39680,GA
1993,37819,NA,GA
1994,36374,NA,GA
1995,35178,36940,GA
1996,35790,37320,GA
1997,35702,NA,GA
1998,32349,NA,GA
1999,33095,33200,GA
2000,31680,32140,GA
2001,33545,NA,GA
2002,34298,NA,GA
2003,34545,NA,GA
2004,32708,34100,GA
2005,31739,33180,GA
2006,30550,NA,GA
2007,31038,35740,GA
2008,35888,39820,GA
2009,32925,NA,GA
2010,34585,35590,GA
2011,32770,34910,GA
2012,31370,NA,GA
2013,30673,33550,GA
2014,30013,33000,GA
2015,31009,NA,GA
2016,29551,NA,GA
2017,27453,NA,GA
1967,12,NA,HI
1968,12,NA,HI
1969,75,NA,HI
1970,2867,NA,HI
1971,4135,NA,HI
1972,4547,NA,HI
1973,4534,4730,HI
1974,4158,5310,HI
1975,4545,5930,HI
1976,5163,5870,HI
1977,5249,7940,HI
1978,6014,7090,HI
1979,6125,7600,HI
1980,6462,7960,HI
1981,6692,8830,HI
1982,6224,9140,HI
1983,6041,NA,HI
1984,5334,10430,HI
1985,5670,11160,HI
1986,5700,NA,HI
1987,5971,11290,HI
1988,6040,11170,HI
1989,5316,NA,HI
1990,4748,NA,HI
1991,5714,12130,HI
1992,5954,12190,HI
1993,5835,NA,HI
1994,5783,NA,HI
1995,5533,7510,HI
1996,4916,6930,HI
1997,4520,NA,HI
1998,4162,NA,HI
1999,4404,6170,HI
2000,3941,5630,HI
2001,3999,NA,HI
2002,3920,NA,HI
2003,3608,NA,HI
2004,3467,5190,HI
2005,3548,5350,HI
2006,3990,NA,HI
2007,3756,5650,HI
2008,3273,5630,HI
2009,3342,NA,HI
2010,3064,5520,HI
2011,2671,5580,HI
2012,2824,NA,HI
2013,2422,4250,HI
2014,2147,3760,HI
2015,2026,NA,HI
1974,778,780,ID
1975,672,1080,ID
1976,968,1330,ID
1977,1060,1730,ID
1978,2107,1800,ID
1979,2446,2050,ID
1980,2553,2740,ID
1981,2706,3010,ID
1982,2431,3020,ID
1983,2456,NA,ID
1984,2384,2740,ID
1985,2252,2660,ID
1986,2068,NA,ID
1987,1815,1980,ID
1988,1650,1920,ID
1989,1559,NA,ID
1990,1390,NA,ID
1991,1647,1740,ID
1992,1378,1710,ID
1993,1352,NA,ID
1994,1047,NA,ID
1995,970,1500,ID
1996,1022,1600,ID
1997,878,NA,ID
1998,888,NA,ID
1999,867,2030,ID
2000,801,1950,ID
2001,738,NA,ID
2002,829,NA,ID
2003,911,NA,ID
2004,963,1990,ID
2005,1099,1810,ID
2006,1249,NA,ID
2007,1442,2010,ID
2008,1481,1800,ID
2009,1650,NA,ID
2010,1510,1740,ID
2011,1440,1680,ID
2012,1458,NA,ID
2013,1375,1350,ID
2014,1353,1320,ID
2015,1272,NA,ID
2016,1289,NA,ID
1931,15,NA,IL
1932,15,NA,IL
1933,15,NA,IL
1934,15,NA,IL
1935,15,NA,IL
1936,15,NA,IL
1937,15,NA,IL
1938,15,NA,IL
1939,15,NA,IL
1973,32760,32760,IL
1974,50718,46800,IL
1975,58743,60340,IL
1976,66356,73260,IL
1977,71326,71710,IL
1978,70211,70280,IL
1979,68524,70920,IL
1980,67514,69110,IL
1981,68290,66830,IL
1982,66613,65860,IL
1983,65434,NA,IL
1984,60854,65940,IL
1985,61986,64960,IL
1986,61575,NA,IL
1987,48646,72180,IL
1988,50478,72570,IL
1989,66722,NA,IL
1990,67350,NA,IL
1991,46502,64990,IL
1992,56552,68420,IL
1993,56552,NA,IL
1994,55050,NA,IL
1995,54092,68160,IL
1996,53613,69390,IL
1997,50147,NA,IL
1998,49403,NA,IL
1999,45924,57800,IL
2000,45884,63690,IL
2001,46546,NA,IL
2002,46945,NA,IL
2003,42247,NA,IL
2004,43537,52870,IL
2005,43409,50970,IL
2006,46467,NA,IL
2007,45298,52200,IL
2008,47717,54920,IL
2009,46077,NA,IL
2010,41859,44400,IL
2011,41324,44580,IL
2012,43203,NA,IL
2013,40750,43400,IL
2014,38472,42270,IL
2015,39856,NA,IL
2016,38382,NA,IL
2017,39329,NA,IL
1974,6029,5990,IN
1975,7859,7680,IN
1976,8610,8720,IN
1977,9508,10370,IN
1978,12003,15340,IN
1979,14658,18910,IN
1980,16505,19630,IN
1981,15016,16040,IN
1982,15806,15680,IN
1983,13898,NA,IN
1984,15343,16070,IN
1985,15174,16090,IN
1986,14821,NA,IN
1987,15838,14750,IN
1988,13003,15760,IN
1989,12704,NA,IN
1990,14351,NA,IN
1991,13493,15940,IN
1992,12983,15840,IN
1993,11330,NA,IN
1994,12499,NA,IN
1995,12425,14030,IN
1996,13341,14850,IN
1997,13208,NA,IN
1998,12443,NA,IN
1999,12109,12400,IN
2000,12272,12490,IN
2001,11875,NA,IN
2002,10937,NA,IN
2003,11458,NA,IN
2004,10514,11010,IN
2005,10686,11150,IN
2006,10614,NA,IN
2007,10887,10960,IN
2008,10999,10680,IN
2009,10557,NA,IN
2010,10048,10400,IN
2011,9112,9430,IN
2012,8808,NA,IN
2013,8179,8600,IN
2014,8118,8180,IN
2015,7957,NA,IN
2016,7280,NA,IN
2017,7778,NA,IN
1930,2,NA,IA
1931,6,NA,IA
1932,6,NA,IA
1933,6,NA,IA
1934,6,NA,IA
1935,6,NA,IA
1936,8,NA,IA
1937,8,NA,IA
1938,8,NA,IA
1939,8,NA,IA
1940,8,NA,IA
1946,5,NA,IA
1947,5,NA,IA
1948,5,NA,IA
1949,5,NA,IA
1950,5,NA,IA
1974,4107,6010,IA
1975,1345,6220,IA
1976,5435,6770,IA
1977,5097,7010,IA
1978,5512,7530,IA
1979,6247,9280,IA
1980,6895,9280,IA
1981,6288,8510,IA
1982,5360,8230,IA
1983,5534,NA,IA
1984,6045,10430,IA
1985,5987,9930,IA
1986,6930,NA,IA
1987,6369,8900,IA
1988,6405,9420,IA
1989,6358,NA,IA
1990,7166,NA,IA
1991,7029,7200,IA
1992,6759,6970,IA
1993,6324,NA,IA
1994,5914,NA,IA
1995,5899,6040,IA
1996,7602,5780,IA
1997,10022,NA,IA
1998,6214,NA,IA
1999,6106,6000,IA
2000,6059,5970,IA
2001,5722,NA,IA
2002,6240,NA,IA
2003,5916,NA,IA
2004,6022,6040,IA
2005,5881,6370,IA
2006,6728,NA,IA
2007,6649,7110,IA
2008,6486,6560,IA
2009,5829,NA,IA
2010,5399,6000,IA
2011,4815,5640,IA
2012,4648,NA,IA
2013,4423,4900,IA
2014,4020,4380,IA
2015,3989,NA,IA
2016,3722,NA,IA
2017,3269,NA,IA
1971,9472,NA,KS
1972,12800,NA,KS
1973,12612,12560,KS
1974,10171,13420,KS
1975,9160,14320,KS
1976,9154,12990,KS
1977,7413,14700,KS
1978,9229,12870,KS
1979,12335,13720,KS
1980,11791,13570,KS
1981,10448,14530,KS
1982,9343,14440,KS
1983,7873,NA,KS
1984,7303,12420,KS
1985,6455,10150,KS
1986,5974,NA,KS
1987,5941,11430,KS
1988,7534,11440,KS
1989,7069,NA,KS
1990,7516,NA,KS
1991,7318,12770,KS
1992,10385,12570,KS
1993,10977,NA,KS
1994,10468,NA,KS
1995,10767,10310,KS
1996,10685,10630,KS
1997,11249,NA,KS
1998,11495,NA,KS
1999,12395,12360,KS
2000,12225,12270,KS
2001,12284,NA,KS
2002,11765,NA,KS
2003,11618,NA,KS
2004,11357,11220,KS
2005,10837,10410,KS
2006,11173,NA,KS
2007,10836,10700,KS
2008,10642,10620,KS
2009,9472,NA,KS
2010,8338,7240,KS
2011,7851,6940,KS
2012,7598,NA,KS
2013,7662,7470,KS
2014,7294,7240,KS
2015,6974,NA,KS
2016,6790,NA,KS
2017,6749,NA,KS
1974,5033,7750,KY
1975,6295,8540,KY
1976,8616,10200,KY
1977,10392,11440,KY
1978,10930,12470,KY
1979,11340,12860,KY
1980,7484,12820,KY
1981,10230,10230,KY
1982,10830,10830,KY
1983,10830,NA,KY
1984,3343,10090,KY
1985,3216,9820,KY
1986,3901,NA,KY
1987,5901,11550,KY
1988,11631,11520,KY
1989,10679,NA,KY
1990,10921,NA,KY
1991,9590,8270,KY
1992,8696,10000,KY
1993,8453,NA,KY
1994,8145,NA,KY
1995,7438,7770,KY
1996,8145,8470,KY
1997,7033,NA,KY
1998,6706,NA,KY
1999,5469,5500,KY
2000,4630,4700,KY
2001,3764,NA,KY
2002,3502,NA,KY
2003,3621,NA,KY
2004,3557,3670,KY
2005,3776,3870,KY
2006,3912,NA,KY
2007,4389,4550,KY
2008,4272,4430,KY
2009,4120,NA,KY
2010,3929,4040,KY
2011,3957,3970,KY
2012,3810,NA,KY
2013,3637,3700,KY
2014,3442,3530,KY
2015,3188,NA,KY
1974,974,4370,LA
1975,4180,5260,LA
1976,6350,8570,LA
1977,8644,14600,LA
1978,11236,13290,LA
1979,13512,16040,LA
1980,16525,17680,LA
1981,18237,20680,LA
1982,19794,22310,LA
1983,19435,NA,LA
1984,19110,20730,LA
1985,18135,19240,LA
1986,16044,NA,LA
1987,16246,16550,LA
1988,15367,17340,LA
1989,14210,NA,LA
1990,13020,NA,LA
1991,12190,13930,LA
1992,12468,13600,LA
1993,12373,NA,LA
1994,12154,NA,LA
1995,11491,14820,LA
1996,11884,14740,LA
1997,11739,NA,LA
1998,11351,NA,LA
1999,12008,13100,LA
2000,11384,13100,LA
2001,10932,NA,LA
2002,10451,NA,LA
2003,10642,NA,LA
2004,11224,12600,LA
2005,8860,11400,LA
2006,6204,NA,LA
2007,6833,14340,LA
2008,6817,14860,LA
2009,8167,NA,LA
2010,8872,12710,LA
2011,8955,12210,LA
2012,9225,NA,LA
2013,9977,9890,LA
2014,10322,10150,LA
2015,9311,NA,LA
2016,8973,NA,LA
2017,8706,NA,LA
1974,1253,1850,ME
1975,1930,1980,ME
1976,1942,2620,ME
1977,2318,3310,ME
1978,4766,5150,ME
1979,3963,4680,ME
1980,4027,4750,ME
1981,3277,5690,ME
1982,2844,5470,ME
1983,3836,NA,ME
1984,4412,5180,ME
1985,4445,4960,ME
1986,4418,NA,ME
1987,4767,4950,ME
1988,4723,4620,ME
1989,4685,NA,ME
1990,4607,NA,ME
1991,3827,4210,ME
1992,3226,4200,ME
1993,3301,NA,ME
1994,3089,NA,ME
1995,2819,2690,ME
1996,2615,2700,ME
1997,2545,NA,ME
1998,2408,NA,ME
1999,2427,2500,ME
2000,2536,2650,ME
2001,2515,NA,ME
2002,2315,NA,ME
2003,2550,NA,ME
2004,2593,2880,ME
2005,2653,2770,ME
2006,2672,NA,ME
2007,2689,2870,ME
2008,2623,2800,ME
2009,2413,NA,ME
2010,2311,2490,ME
2011,1773,2360,ME
2012,2046,NA,ME
2013,1939,2190,ME
2014,2021,2220,ME
2015,1836,NA,ME
2016,1997,NA,ME
2017,1959,NA,ME
1967,400,NA,MD
1968,1467,NA,MD
1969,3832,NA,MD
1970,5900,NA,MD
1971,8306,NA,MD
1972,9093,NA,MD
1973,9871,11070,MD
1974,15975,17140,MD
1975,18865,21820,MD
1976,20641,23580,MD
1977,22241,23700,MD
1978,24681,25780,MD
1979,25526,28020,MD
1980,27778,30490,MD
1981,27855,33970,MD
1982,26084,34810,MD
1983,25732,NA,MD
1984,25151,29120,MD
1985,24434,29480,MD
1986,22884,NA,MD
1987,23104,31240,MD
1988,23707,32670,MD
1989,22523,NA,MD
1990,22425,NA,MD
1991,18994,33000,MD
1992,19860,31260,MD
1993,19318,NA,MD
1994,17627,NA,MD
1995,16204,30520,MD
1996,12363,31310,MD
1997,9869,NA,MD
1998,10458,NA,MD
1999,11164,31040,MD
2000,12337,34560,MD
2001,13502,NA,MD
2002,13595,NA,MD
2003,11485,NA,MD
2004,10096,38020,MD
2005,10797,37590,MD
2006,9530,NA,MD
2007,2810,34380,MD
2008,4070,34290,MD
2009,5750,NA,MD
2010,6520,34310,MD
2011,3190,34260,MD
1972,3394,NA,MA
1974,27800,27800,MA
1975,29940,33260,MA
1976,32801,38340,MA
1977,34382,39310,MA
1978,40200,42610,MA
1979,44044,45110,MA
1980,43948,45590,MA
1981,40913,41660,MA
1982,40394,41250,MA
1983,37272,NA,MA
1984,31876,36340,MA
1985,35136,40310,MA
1986,38240,NA,MA
1987,38576,41490,MA
1988,38841,43720,MA
1989,39288,NA,MA
1990,39739,NA,MA
1991,37071,44150,MA
1992,34527,40660,MA
1993,35312,NA,MA
1994,32195,NA,MA
1995,29097,41190,MA
1996,29293,41160,MA
1997,28477,NA,MA
1998,27714,NA,MA
1999,26852,28600,MA
2000,27180,30410,MA
2001,26293,NA,MA
2002,25249,NA,MA
2003,25741,NA,MA
2004,24366,26300,MA
2005,23268,27270,MA
2006,24246,NA,MA
2007,24128,25790,MA
2008,23883,24900,MA
2009,22945,NA,MA
2010,20802,24360,MA
2011,20703,24030,MA
2012,20062,NA,MA
2013,19448,20890,MA
2014,19354,21020,MA
2015,18570,NA,MA
1974,27543,37610,MI
1975,34210,42700,MI
1976,42489,49890,MI
1977,41086,53470,MI
1978,43602,56550,MI
1979,54106,63020,MI
1980,45455,65230,MI
1981,45787,65230,MI
1982,43512,64190,MI
1983,40528,NA,MI
1984,42062,66010,MI
1985,42678,64390,MI
1986,41890,NA,MI
1987,49274,61060,MI
1988,46747,63410,MI
1989,36569,NA,MI
1990,36183,NA,MI
1991,34556,55800,MI
1992,34496,55580,MI
1993,35737,NA,MI
1994,33061,NA,MI
1995,31091,49370,MI
1996,30208,48780,MI
1997,29528,NA,MI
1998,28107,NA,MI
1999,26207,48000,MI
2000,26807,46470,MI
2001,28220,NA,MI
2002,29231,NA,MI
2003,29540,NA,MI
2004,26269,43300,MI
2005,25209,40600,MI
2006,25636,NA,MI
2007,24683,35930,MI
2008,25970,36790,MI
2009,22357,NA,MI
2010,23307,30770,MI
2011,23366,29190,MI
2012,23230,NA,MI
2013,26120,28800,MI
2014,27629,29120,MI
2015,27151,NA,MI
2016,26395,NA,MI
2017,26594,NA,MI
1973,7263,7340,MN
1974,8732,11610,MN
1975,10565,12790,MN
1976,14124,15680,MN
1977,15532,17150,MN
1978,17262,17580,MN
1979,18672,19080,MN
1980,19028,19920,MN
1981,18304,19900,MN
1982,17758,19020,MN
1983,16428,NA,MN
1984,17314,17410,MN
1985,17686,16850,MN
1986,17383,NA,MN
1987,17653,17810,MN
1988,17975,18580,MN
1989,17398,NA,MN
1990,17156,NA,MN
1991,16178,16880,MN
1992,15546,16180,MN
1993,14350,NA,MN
1994,14027,NA,MN
1995,14017,14910,MN
1996,14193,14660,MN
1997,14229,NA,MN
1998,14423,NA,MN
1999,14342,14100,MN
2000,14477,14610,MN
2001,14833,NA,MN
2002,14239,NA,MN
2003,14174,NA,MN
2004,13791,13800,MN
2005,13365,13910,MN
2006,14065,NA,MN
2007,13843,14000,MN
2008,12948,13060,MN
2009,12388,NA,MN
2010,11505,11570,MN
2011,11071,11140,MN
2012,10701,NA,MN
2013,9904,10030,MN
2014,10123,9760,MN
2015,9861,NA,MN
2016,9953,NA,MN
2017,10177,NA,MN
1971,93,NA,MS
1972,61,NA,MS
1973,96,110,MS
1974,140,380,MS
1975,315,310,MS
1976,1510,1670,MS
1977,2446,2760,MS
1978,3280,4010,MS
1979,4411,5060,MS
1980,5543,6080,MS
1981,5561,5430,MS
1982,5145,5500,MS
1983,4560,NA,MS
1984,4585,5490,MS
1985,5288,5890,MS
1986,4521,NA,MS
1987,5469,5430,MS
1988,5170,5120,MS
1989,5490,NA,MS
1990,6842,NA,MS
1991,8184,8160,MS
1992,7555,7550,MS
1993,6002,NA,MS
1994,3979,NA,MS
1995,3563,3420,MS
1996,4206,4490,MS
1997,4325,NA,MS
1998,3955,NA,MS
1999,3878,3800,MS
2000,3758,3780,MS
2001,3566,NA,MS
2002,3605,NA,MS
2003,3753,NA,MS
2004,3500,3500,MS
2005,3041,3090,MS
2006,2949,NA,MS
2007,2932,2930,MS
2008,2772,2770,MS
2009,2438,NA,MS
2010,2297,2300,MS
2011,2224,2220,MS
2012,2176,NA,MS
2013,2170,2210,MS
2014,2303,2290,MS
1974,7983,8370,MO
1975,10245,10970,MO
1976,12885,13560,MO
1977,13533,14830,MO
1978,15546,15570,MO
1979,17787,17740,MO
1980,19043,21620,MO
1981,18604,19630,MO
1982,19226,19780,MO
1983,19199,NA,MO
1984,20204,22140,MO
1985,19482,20100,MO
1986,19039,NA,MO
1987,17574,20190,MO
1988,17382,19490,MO
1989,17495,NA,MO
1990,16366,NA,MO
1991,15473,15770,MO
1992,13390,13510,MO
1993,12540,NA,MO
1994,11879,NA,MO
1995,11203,10540,MO
1996,11629,10810,MO
1997,10202,NA,MO
1998,9089,NA,MO
1999,8113,7800,MO
2000,7884,7920,MO
2001,7797,NA,MO
2002,8201,NA,MO
2003,8350,NA,MO
2004,8072,8600,MO
2005,7977,8400,MO
2006,7556,NA,MO
2007,7324,7400,MO
2008,7413,7440,MO
2009,6881,NA,MO
2010,6163,6160,MO
2011,5772,5820,MO
2012,5624,NA,MO
2013,5416,5470,MO
2014,5064,5130,MO
2015,4765,NA,MO
2016,4562,NA,MO
1974,732,1240,MT
1975,1535,1490,MT
1976,1803,1670,MT
1977,2539,2280,MT
1978,3044,3100,MT
1979,3447,3550,MT
1980,3471,3670,MT
1981,3838,4190,MT
1982,4175,4230,MT
1983,4061,NA,MT
1984,3618,3880,MT
1985,3291,3710,MT
1986,3295,NA,MT
1987,3175,3280,MT
1988,2866,3050,MT
1989,3245,NA,MT
1990,3365,NA,MT
1991,3226,3680,MT
1992,2869,3300,MT
1993,2645,NA,MT
1994,2761,NA,MT
1995,2674,3010,MT
1996,2763,2900,MT
1997,2809,NA,MT
1998,2573,NA,MT
1999,2499,2540,MT
2000,2441,2510,MT
2001,2350,NA,MT
2002,2249,NA,MT
2003,2249,NA,MT
2004,2256,2330,MT
2005,2155,2150,MT
2006,2119,NA,MT
2007,2238,2350,MT
2008,2125,2230,MT
2009,2223,NA,MT
2010,2160,2220,MT
2011,2147,2220,MT
2012,2031,NA,MT
2013,1842,1840,MT
2014,1690,1690,MT
2015,1611,NA,MT
2016,1618,NA,MT
1972,789,NA,NE
1974,3094,3180,NE
1975,3406,4610,NE
1976,3977,4600,NE
1977,4534,5380,NE
1978,4837,6630,NE
1979,4608,5660,NE
1980,6060,6350,NE
1981,5753,6730,NE
1982,5698,6580,NE
1983,5625,NA,NE
1984,5995,6730,NE
1985,6012,6680,NE
1986,5761,NA,NE
1987,5858,6580,NE
1988,6006,6490,NE
1989,5871,NA,NE
1990,6346,NA,NE
1991,6194,6230,NE
1992,5637,5580,NE
1993,5486,NA,NE
1994,5324,NA,NE
1995,4838,4360,NE
1996,5214,4460,NE
1997,5129,NA,NE
1998,5140,NA,NE
1999,4565,4520,NE
2000,4178,4250,NE
2001,3982,NA,NE
2002,3775,NA,NE
2003,3990,NA,NE
2004,3584,3660,NE
2005,3173,3220,NE
2006,2927,NA,NE
2007,2481,2530,NE
2008,2813,2840,NE
2009,2551,NA,NE
2010,2464,2490,NE
2011,2372,2570,NE
2012,2299,NA,NE
2013,2177,2230,NE
2014,2270,2280,NE
2015,2004,NA,NE
2016,1907,NA,NE
2017,1958,NA,NE
1974,1614,1470,NV
1975,1807,3000,NV
1976,2382,3840,NV
1977,4297,4310,NV
1978,4734,6060,NV
1979,6374,8200,NV
1980,7300,9170,NV
1981,7259,9700,NV
1982,6794,9960,NV
1983,6062,NA,NV
1984,5742,9370,NV
1985,6401,9910,NV
1986,6678,NA,NV
1987,6920,10710,NV
1988,6936,10190,NV
1989,7168,NA,NV
1990,7226,NA,NV
1991,7484,14450,NV
1992,8022,13300,NV
1993,6955,NA,NV
1994,6736,NA,NV
1995,6942,15600,NV
1996,6965,15450,NV
1997,6887,NA,NV
1998,7325,NA,NV
1999,8096,11220,NV
2000,8732,13740,NV
2001,10110,NA,NV
2002,9960,NA,NV
2003,9323,NA,NV
2004,9856,13080,NV
2005,10565,13530,NV
2006,11471,NA,NV
2007,10646,14070,NV
2008,10789,13450,NV
2009,9540,NA,NV
2010,7787,11850,NV
2011,7206,11290,NV
2012,7218,NA,NV
2013,6056,9810,NV
2014,8132,10970,NV
1974,668,830,NH
1975,1396,1820,NH
1976,1958,2540,NH
1977,1735,3450,NH
1978,2300,3980,NH
1979,3116,4210,NH
1980,3432,4660,NH
1981,3757,5870,NH
1982,3711,5600,NH
1983,3436,NA,NH
1984,4801,6740,NH
1985,4823,7030,NH
1986,4485,NA,NH
1987,4009,4680,NH
1988,4156,4710,NH
1989,3886,NA,NH
1990,4259,NA,NH
1991,3842,4260,NH
1992,3129,3890,NH
1993,3057,NA,NH
1994,3008,NA,NH
1995,2771,3240,NH
1996,2300,3470,NH
1997,2069,NA,NH
1974,20532,22700,NJ
1975,26291,32420,NJ
1976,29572,39880,NJ
1977,30702,44910,NJ
1978,28431,48040,NJ
1979,24714,51230,NJ
1980,30239,55460,NJ
1981,29254,59480,NJ
1982,30269,61080,NJ
1983,24722,NA,NJ
1984,31236,65860,NJ
1985,31266,69190,NJ
1986,33376,NA,NJ
1987,33395,63570,NJ
1988,35987,63900,NJ
1989,40329,NA,NJ
1990,41358,NA,NJ
1991,37686,55800,NJ
1992,38239,55320,NJ
1993,36508,NA,NJ
1994,33856,NA,NJ
1995,32947,61130,NJ
1996,31860,63100,NJ
1997,30654,NA,NJ
1998,35686,NA,NJ
1999,35126,63700,NJ
2000,33026,65780,NJ
2001,33606,NA,NJ
2002,32854,NA,NJ
2003,32762,NA,NJ
2004,32642,58050,NJ
2005,31230,61150,NJ
2006,30986,NA,NJ
2007,26668,55370,NJ
2008,28480,54160,NJ
2009,28519,NA,NJ
2010,28217,48840,NJ
2011,26558,46990,NJ
2012,22953,NA,NJ
2013,21720,43670,NJ
2014,24181,44460,NJ
2015,22991,NA,NJ
1972,6300,NA,NM
1974,3469,3600,NM
1975,4195,5090,NM
1976,5008,5720,NM
1977,4568,6290,NM
1978,4752,6250,NM
1979,5193,8020,NM
1980,5671,8410,NM
1981,5194,7280,NM
1982,5213,7470,NM
1983,5182,NA,NM
1984,5202,5380,NM
1985,4801,6110,NM
1986,4640,NA,NM
1987,5142,6650,NM
1988,5126,6810,NM
1989,5350,NA,NM
1990,5288,NA,NM
1991,5745,6190,NM
1992,5624,6410,NM
1993,5381,NA,NM
1994,4929,NA,NM
1995,4811,5450,NM
1996,5033,5470,NM
1997,5382,NA,NM
1998,5395,NA,NM
1999,5098,5500,NM
2000,5465,5760,NM
2001,5166,NA,NM
2002,5069,NA,NM
2003,5832,NA,NM
2004,6070,6260,NM
2005,5934,6220,NM
2006,6087,NA,NM
2007,6036,6840,NM
2008,5398,6150,NM
2009,5022,NA,NM
2010,4779,5630,NM
2011,4083,5180,NM
2012,3517,NA,NM
2013,4198,4200,NM
2014,4500,4650,NM
2015,4669,NA,NM
2016,3233,NA,NM
1932,20,NA,NY
1933,20,NA,NY
1934,20,NA,NY
1935,40,NA,NY
1936,40,NA,NY
1937,40,NA,NY
1938,40,NA,NY
1939,40,NA,NY
1940,40,NA,NY
1941,40,NA,NY
1942,40,NA,NY
1943,680,NA,NY
1944,689,NA,NY
1945,687,NA,NY
1946,803,NA,NY
1947,733,NA,NY
1949,668,NA,NY
1951,679,NA,NY
1952,547,NA,NY
1953,472,NA,NY
1954,440,NA,NY
1955,328,NA,NY
1956,328,NA,NY
1957,336,NA,NY
1958,345,NA,NY
1959,345,NA,NY
1960,292,NA,NY
1961,292,NA,NY
1962,292,NA,NY
1964,579,NA,NY
1965,284,NA,NY
1966,308,NA,NY
1967,372,NA,NY
1970,87530,NA,NY
1971,268573,NA,NY
1972,299891,NA,NY
1973,203358,212700,NY
1974,161521,168960,NY
1975,147229,170690,NY
1976,147860,170900,NY
1977,147647,185580,NY
1978,153703,187050,NY
1979,154183,183190,NY
1980,150997,187460,NY
1981,158698,187610,NY
1982,164733,182700,NY
1983,154712,NA,NY
1984,152486,192020,NY
1985,156435,195120,NY
1986,151853,NA,NY
1987,152962,184420,NY
1988,142862,183980,NY
1989,150001,NA,NY
1990,159098,NA,NY
1991,158761,190410,NY
1992,164274,195390,NY
1993,157891,NA,NY
1994,149598,NA,NY
1995,139686,176420,NY
1996,152991,167600,NY
1997,145334,NA,NY
1998,139646,NA,NY
1999,137234,162100,NY
2000,129678,164630,NY
2001,127102,NA,NY
2002,127983,NA,NY
2003,124957,NA,NY
2004,126002,160140,NY
2005,124849,155960,NY
2006,127437,NA,NY
2007,128036,148990,NY
2008,124867,153110,NY
2009,119996,NA,NY
2010,115724,142790,NY
2011,111296,138370,NY
2012,104370,NA,NY
2013,98046,119170,NY
2014,96711,119940,NY
2015,93096,NA,NY
2016,82189,NA,NY
1969,305,NA,NC
1970,1357,NA,NC
1971,4378,NA,NC
1972,8365,NA,NC
1973,11935,12260,NC
1974,16463,16850,NC
1975,19960,19960,NC
1976,23561,23710,NC
1977,25020,24960,NC
1978,27266,30120,NC
1979,29479,30370,NC
1980,32006,31890,NC
1981,32050,33220,NC
1982,31798,33230,NC
1983,32952,NA,NC
1984,34458,35800,NC
1985,32923,34180,NC
1986,33765,NA,NC
1987,35544,37630,NC
1988,37629,39720,NC
1989,36799,NA,NC
1990,36494,NA,NC
1991,36420,37210,NC
1992,35253,36180,NC
1993,34906,NA,NC
1994,35088,NA,NC
1995,33420,34600,NC
1996,33554,33550,NC
1997,31495,NA,NC
1998,33105,NA,NC
1999,32081,36400,NC
2000,30942,37610,NC
2001,30419,NA,NC
2002,29229,NA,NC
2003,31006,NA,NC
2004,33954,36220,NC
2005,32335,34500,NC
2006,35088,NA,NC
2007,33233,34290,NC
2008,31822,33140,NC
2009,30596,NA,NC
2010,30952,32700,NC
2011,26192,28600,NC
2012,24439,NA,NC
2013,22820,30550,NC
2014,24605,29960,NC
2015,27631,NA,NC
2016,27138,NA,NC
2017,27183,NA,NC
1974,137,150,ND
1975,812,890,ND
1976,1752,1630,ND
1977,2005,1900,ND
1978,2150,2240,ND
1979,2810,2810,ND
1980,2649,3140,ND
1981,2554,3180,ND
1982,3076,3350,ND
1983,3028,NA,ND
1984,2872,2940,ND
1985,2826,2850,ND
1986,2664,NA,ND
1987,2562,2560,ND
1988,2221,2230,ND
1989,1761,NA,ND
1990,1723,NA,ND
1991,1602,1600,ND
1992,1493,1490,ND
1993,1406,NA,ND
1994,1301,NA,ND
1995,1334,1330,ND
1996,1291,1290,ND
1997,1226,NA,ND
1998,1242,NA,ND
1999,1345,1330,ND
2000,1341,1340,ND
2001,1216,NA,ND
2002,1219,NA,ND
2003,1354,NA,ND
2004,1357,1340,ND
2005,1231,1230,ND
2006,1298,NA,ND
2007,1235,1240,ND
2008,1386,1400,ND
2009,1290,NA,ND
2010,1291,1290,ND
2011,1247,1250,ND
2012,1330,NA,ND
2013,1182,1180,ND
2014,1264,1260,ND
2015,1166,NA,ND
2016,1226,NA,ND
2017,1155,NA,ND
1952,4,NA,OH
1953,6,NA,OH
1956,1,NA,OH
1959,1,NA,OH
1963,4,NA,OH
1964,9,NA,OH
1974,25772,30400,OH
1975,36675,44600,OH
1976,37192,53420,OH
1977,47715,60190,OH
1978,41447,57140,OH
1979,41851,64380,OH
1980,42227,67140,OH
1981,45567,60700,OH
1982,50390,61440,OH
1983,44709,NA,OH
1984,41666,58040,OH
1985,36263,57360,OH
1986,35435,NA,OH
1987,40571,51490,OH
1988,34543,53400,OH
1989,36291,NA,OH
1990,32165,NA,OH
1991,41705,52030,OH
1992,36019,49520,OH
1993,41673,NA,OH
1994,37742,NA,OH
1995,36950,40940,OH
1996,36530,42870,OH
1997,38242,NA,OH
1998,37479,NA,OH
1999,37041,40250,OH
2000,38140,40230,OH
2001,37464,NA,OH
2002,35830,NA,OH
2003,35319,NA,OH
2004,34242,35050,OH
2005,34128,35060,OH
2006,32936,NA,OH
2007,30859,33790,OH
2008,29613,33550,OH
2009,28721,NA,OH
2010,28123,30220,OH
2011,24764,28590,OH
2012,25473,NA,OH
2013,23216,24560,OH
2014,21186,22730,OH
2015,20976,NA,OH
2016,20672,NA,OH
2017,20893,NA,OH
1974,4416,4350,OK
1975,5808,6780,OK
1976,7551,7550,OK
1977,8220,9990,OK
1978,10072,11180,OK
1979,10710,10820,OK
1980,11264,11280,OK
1981,10327,12360,OK
1982,12424,12690,OK
1983,11759,NA,OK
1984,8508,12630,OK
1985,8495,13100,OK
1986,6437,NA,OK
1987,5909,11000,OK
1988,11073,12120,OK
1989,11594,NA,OK
1990,10708,NA,OK
1991,10533,9130,OK
1992,9881,8940,OK
1993,10071,NA,OK
1994,6774,NA,OK
1995,7985,9130,OK
1996,6769,8400,OK
1997,6428,NA,OK
2000,7183,7390,OK
2001,7038,NA,OK
2002,6500,NA,OK
2003,6644,NA,OK
2004,6712,7100,OK
2005,6641,6950,OK
2006,7088,NA,OK
2007,6640,7000,OK
2008,6478,7160,OK
2009,6430,NA,OK
2010,6097,6290,OK
2011,5416,5860,OK
2012,5150,NA,OK
2013,5013,5770,OK
2014,4916,5330,OK
2015,4709,NA,OK
2016,3942,NA,OK
2017,4394,NA,OK
1968,323,NA,OR
1969,1407,NA,OR
1970,7196,NA,OR
1971,6997,NA,OR
1972,7143,NA,OR
1973,7447,11440,OR
1974,8794,13390,OR
1975,10641,13270,OR
1976,12590,12820,OR
1977,13163,15070,OR
1978,13605,14450,OR
1979,14501,17690,OR
1980,15735,17670,OR
1981,14799,15990,OR
1982,12807,16350,OR
1983,12064,NA,OR
1984,13133,15310,OR
1985,12056,15230,OR
1986,11217,NA,OR
1987,11147,14370,OR
1988,13309,15960,OR
1989,13928,NA,OR
1990,13658,NA,OR
1991,14310,16580,OR
1992,12685,16060,OR
1993,12961,NA,OR
1994,13392,NA,OR
1995,14079,15590,OR
1996,13767,15050,OR
1997,14834,NA,OR
1998,14344,NA,OR
1999,14145,16700,OR
2000,14194,17010,OR
2001,14272,NA,OR
2002,13172,NA,OR
2003,12622,NA,OR
2004,11443,13200,OR
2005,11602,13200,OR
2006,12246,NA,OR
2007,11883,13370,OR
2008,11610,12920,OR
2009,10801,NA,OR
2010,9990,11010,OR
2011,9567,10690,OR
2012,9016,NA,OR
2013,8287,9130,OR
2014,8231,9330,OR
2015,8610,NA,OR
2016,8942,NA,OR
2017,8506,NA,OR
2018,6544,NA,OR
1953,12,NA,PA
1956,8,NA,PA
1959,11,NA,PA
1972,8540,NA,PA
1974,38110,41620,PA
1975,43319,47450,PA
1976,53425,56350,PA
1977,57880,62040,PA
1978,60639,65150,PA
1979,64147,64920,PA
1980,65777,68910,PA
1981,62701,64850,PA
1982,60772,64060,PA
1983,59288,NA,PA
1984,59258,60680,PA
1985,53465,57370,PA
1986,51666,NA,PA
1987,51630,51800,PA
1988,50786,51830,PA
1989,51341,NA,PA
1990,52143,NA,PA
1991,50988,51780,PA
1992,49042,49740,PA
1993,47926,NA,PA
1994,41645,NA,PA
1995,39050,40760,PA
1996,38004,39520,PA
1997,37135,NA,PA
1998,35617,NA,PA
1999,34494,35200,PA
2000,35630,36570,PA
2001,36820,NA,PA
2002,35167,NA,PA
2003,36908,NA,PA
2004,36030,35600,PA
2005,34909,34150,PA
2006,36731,NA,PA
2007,36663,36190,PA
2008,38807,41000,PA
2009,37284,NA,PA
2010,36778,38650,PA
2011,36280,36870,PA
2012,34536,NA,PA
2013,32108,32370,PA
2014,32146,32030,PA
2015,31818,NA,PA
2016,30881,NA,PA
1974,2867,2910,RI
1975,3253,3310,RI
1976,3863,3890,RI
1977,4106,4200,RI
1978,4497,4570,RI
1979,5389,5650,RI
1980,6625,6640,RI
1981,7515,7500,RI
1982,7703,3770,RI
1983,6984,NA,RI
1984,7422,7450,RI
1985,7778,7770,RI
1986,7502,NA,RI
1987,7529,7390,RI
1988,7616,7190,RI
1989,7704,NA,RI
1990,7782,NA,RI
1991,7412,7500,RI
1992,6667,6990,RI
1993,6644,NA,RI
1994,6092,NA,RI
1995,5707,5720,RI
1996,5437,5420,RI
1997,5478,NA,RI
1998,4601,NA,RI
1999,5004,5190,RI
2000,5413,5600,RI
2001,5455,NA,RI
2002,5550,NA,RI
2003,5538,NA,RI
2004,5587,5730,RI
2005,5091,5290,RI
2006,4828,NA,RI
2007,4820,4910,RI
2008,4502,5000,RI
2009,4326,NA,RI
2010,4181,4290,RI
2011,4165,4210,RI
2012,3549,NA,RI
2013,3251,3550,RI
2014,2990,3580,RI
2015,2649,NA,RI
1970,392,NA,SC
1971,727,NA,SC
1972,854,NA,SC
1973,2102,2180,SC
1974,3760,5120,SC
1975,4511,6170,SC
1976,5702,5750,SC
1977,8799,8870,SC
1978,9969,13050,SC
1979,10976,13170,SC
1980,12274,13660,SC
1981,12496,15200,SC
1982,12616,16140,SC
1983,12164,NA,SC
1984,11704,11280,SC
1985,11578,11200,SC
1986,12174,NA,SC
1987,12992,12770,SC
1988,14133,14160,SC
1989,13741,NA,SC
1990,13285,NA,SC
1991,12538,13520,SC
1992,11008,12190,SC
1993,11611,NA,SC
1994,10922,NA,SC
1995,9984,11020,SC
1996,9326,9940,SC
1997,9212,NA,SC
1998,8802,NA,SC
1999,7687,8470,SC
2000,7527,8210,SC
2001,7014,NA,SC
2002,6657,NA,SC
2003,6573,NA,SC
2004,6565,6600,SC
2005,6716,7080,SC
2006,7005,NA,SC
2007,7544,7580,SC
2008,7187,7300,SC
2009,6911,NA,SC
2010,6464,6730,SC
2011,6379,6620,SC
2012,6084,NA,SC
2013,5878,6350,SC
2014,5714,6040,SC
2015,5778,NA,SC
1974,1601,1630,SD
1975,1475,1560,SD
1976,1561,1600,SD
1977,1384,1400,SD
1978,1396,1400,SD
1979,1398,1440,SD
1980,1308,1360,SD
1981,1579,1590,SD
1982,1693,1170,SD
1983,1691,NA,SD
1984,1673,1770,SD
1985,1577,1650,SD
1986,1364,NA,SD
1987,865,860,SD
1988,898,900,SD
1989,900,NA,SD
1990,946,NA,SD
1991,984,980,SD
1992,1038,1040,SD
1993,1075,NA,SD
1994,987,NA,SD
1995,1070,1040,SD
1996,901,1030,SD
1997,919,NA,SD
1998,674,NA,SD
1999,740,730,SD
2000,878,870,SD
2001,895,NA,SD
2002,826,NA,SD
2003,819,NA,SD
2004,814,800,SD
2005,805,790,SD
2006,748,NA,SD
2007,707,710,SD
2008,848,850,SD
2009,769,NA,SD
2010,737,740,SD
2011,597,600,SD
2012,634,NA,SD
2013,601,600,SD
2014,551,550,SD
2015,444,NA,SD
2016,472,NA,SD
2017,497,NA,SD
1974,7406,15800,TN
1975,11081,17590,TN
1976,16967,22940,TN
1977,16463,30440,TN
1978,18889,23040,TN
1979,23400,25430,TN
1980,23278,25590,TN
1981,21911,24240,TN
1982,20729,26100,TN
1983,20726,NA,TN
1984,21124,22570,TN
1985,21069,22350,TN
1986,21938,NA,TN
1987,21622,22050,TN
1988,21592,22090,TN
1989,21050,NA,TN
1990,21144,NA,TN
1991,19779,19840,TN
1992,18029,19060,TN
1993,17250,NA,TN
1994,16837,NA,TN
1995,18023,18240,TN
1996,17989,17990,TN
1997,18283,NA,TN
1998,18849,NA,TN
1999,16924,18100,TN
2000,17479,19010,TN
2001,17405,NA,TN
2002,17807,NA,TN
2003,17610,NA,TN
2004,16400,18200,TN
2005,16178,18140,TN
2006,17883,NA,TN
2007,18171,18380,TN
2008,18253,19550,TN
2009,17474,NA,TN
2010,16373,17850,TN
2011,16115,16720,TN
2012,15859,NA,TN
2013,14216,15180,TN
2014,12373,13880,TN
2015,11411,NA,TN
2016,11235,NA,TN
1974,35382,37710,TX
1975,37894,51210,TX
1976,50493,60710,TX
1977,54517,70740,TX
1978,63953,83280,TX
1979,76996,94080,TX
1980,84459,102000,TX
1981,85755,110110,TX
1982,80453,105820,TX
1983,81112,NA,TX
1984,81207,99960,TX
1985,80211,100820,TX
1986,85668,NA,TX
1987,84832,100210,TX
1988,81474,100690,TX
1989,81110,NA,TX
1990,92681,NA,TX
1991,91947,95930,TX
1992,91289,97400,TX
1993,90974,NA,TX
1994,89365,NA,TX
1995,87501,89240,TX
1996,91619,91270,TX
1997,84870,NA,TX
1998,81834,NA,TX
1999,80739,84100,TX
2000,76121,89160,TX
2001,77537,NA,TX
2002,79929,NA,TX
2003,79166,NA,TX
2004,75053,85210,TX
2005,77374,85760,TX
2006,82056,NA,TX
2007,81079,81880,TX
2008,81591,84610,TX
2009,77850,NA,TX
2010,77592,79390,TX
2011,72470,73200,TX
2012,68298,NA,TX
2013,63849,67530,TX
2014,54902,55230,TX
2015,55287,NA,TX
1974,1189,1480,UT
1975,2146,2010,UT
1976,2542,2590,UT
1977,3033,3070,UT
1978,3130,3150,UT
1979,3697,3810,UT
1980,4086,4200,UT
1981,3842,4080,UT
1982,3987,4180,UT
1983,3775,NA,UT
1984,4024,4240,UT
1985,4129,4440,UT
1986,4450,NA,UT
1987,4732,4830,UT
1988,4732,5030,UT
1989,4950,NA,UT
1990,4796,NA,UT
1991,4213,4250,UT
1992,3941,3940,UT
1993,3945,NA,UT
1994,3610,NA,UT
1995,3705,3740,UT
1996,3639,3700,UT
1997,3408,NA,UT
1998,3487,NA,UT
1999,3381,3280,UT
2000,3509,3510,UT
2001,3594,NA,UT
2002,3524,NA,UT
2003,3576,NA,UT
2004,3665,3610,UT
2005,3556,3630,UT
2006,3753,NA,UT
2007,3933,4100,UT
2008,3911,4000,UT
2009,3665,NA,UT
2010,3780,3540,UT
2011,3386,3290,UT
2012,3273,NA,UT
2013,3102,3170,UT
2014,2948,2960,UT
2015,3176,NA,UT
2016,3008,NA,UT
1971,9,NA,VT
1972,231,NA,VT
1973,1402,1490,VT
1974,1930,1860,VT
1975,2100,2250,VT
1976,2322,2750,VT
1977,1945,2370,VT
1978,2588,3290,VT
1979,2925,3380,VT
1980,3227,3760,VT
1981,3388,3760,VT
1982,3498,3710,VT
1983,3355,NA,VT
1984,3423,3450,VT
1985,3497,3430,VT
1986,3418,NA,VT
1987,3310,3690,VT
1988,3309,3580,VT
1989,3313,NA,VT
1990,3184,NA,VT
1991,3015,3110,VT
1992,2778,2900,VT
1993,2580,NA,VT
1994,2321,NA,VT
1995,2169,2420,VT
1996,2139,2300,VT
1997,1961,NA,VT
1998,1870,NA,VT
1999,1748,1730,VT
2000,1781,1660,VT
2001,1519,NA,VT
2002,1635,NA,VT
2003,1696,NA,VT
2004,1734,1720,VT
2005,1620,1490,VT
2006,1611,NA,VT
2007,1583,1570,VT
2008,1494,1510,VT
2009,1319,NA,VT
2010,1333,1370,VT
2011,1355,1370,VT
2012,1270,NA,VT
2013,1217,1490,VT
2014,1235,1400,VT
2015,1259,NA,VT
2016,1298,NA,VT
1971,3792,NA,VA
1972,4496,NA,VA
1973,7318,8390,VA
1974,14372,16500,VA
1975,18010,20290,VA
1976,22635,25180,VA
1977,26829,28040,VA
1978,30442,30370,VA
1979,31414,31380,VA
1980,31958,31760,VA
1981,32037,35760,VA
1982,31869,34880,VA
1983,31339,NA,VA
1984,31550,31670,VA
1985,31951,34180,VA
1986,32619,NA,VA
1987,32930,34410,VA
1988,34029,35420,VA
1989,33186,NA,VA
1990,32992,NA,VA
1991,31943,35170,VA
1992,29641,35020,VA
1993,28285,NA,VA
1994,26369,NA,VA
1995,25302,31480,VA
1996,25770,29940,VA
1997,26089,NA,VA
1998,26115,NA,VA
1999,27354,28960,VA
2000,27999,28780,VA
2001,24586,NA,VA
2002,24992,NA,VA
2003,26437,NA,VA
2004,26117,26340,VA
2005,26309,26520,VA
2006,27349,NA,VA
2007,27981,29800,VA
2008,28698,28520,VA
2009,27442,NA,VA
2010,25943,27660,VA
2011,25413,27110,VA
2012,22916,NA,VA
2013,20852,25890,VA
2014,20187,21080,VA
2015,18662,NA,VA
2016,17039,NA,VA
1970,527,NA,WA
1971,14347,NA,WA
1972,17767,NA,WA
1973,17319,17270,WA
1974,18185,19910,WA
1975,20963,20890,WA
1976,22790,22920,WA
1977,26939,31310,WA
1978,29848,34490,WA
1979,29710,35580,WA
1980,30270,37030,WA
1981,30978,35250,WA
1982,29298,34130,WA
1983,27856,NA,WA
1984,27783,29510,WA
1985,26581,30990,WA
1986,27947,NA,WA
1987,30172,29840,WA
1988,29802,31220,WA
1989,30452,NA,WA
1990,31443,NA,WA
1991,30243,32640,WA
1992,27573,33190,WA
1993,27558,NA,WA
1994,25965,NA,WA
1995,25075,25190,WA
1996,26138,26340,WA
1997,26932,NA,WA
1998,25327,NA,WA
1999,25523,26300,WA
2000,25692,26200,WA
2001,25620,NA,WA
2002,25148,NA,WA
2003,25084,NA,WA
2004,24664,23900,WA
2005,24108,23260,WA
2006,24631,NA,WA
2007,24850,24860,WA
2008,24297,24320,WA
2009,22672,NA,WA
2010,21124,22240,WA
2011,20225,21880,WA
2012,18386,NA,WA
2013,17592,19190,WA
2014,17710,19230,WA
2015,17098,NA,WA
2016,17080,NA,WA
1974,25,30,WV
1975,96,100,WV
1976,979,970,WV
1977,2147,2230,WV
1978,2758,2840,WV
1979,2954,3100,WV
1980,3057,3000,WV
1981,2640,3100,WV
1982,2725,3420,WV
1983,2821,NA,WV
1984,3347,4680,WV
1985,3326,4590,WV
1986,3372,NA,WV
1987,3189,2990,WV
1988,3467,3270,WV
1989,3036,NA,WV
1990,2500,NA,WV
1991,1598,2590,WV
1992,2812,3140,WV
1993,2619,NA,WV
1994,2085,NA,WV
1995,2666,3050,WV
1996,2470,2610,WV
1997,2808,NA,WV
1998,2738,NA,WV
1999,2498,2500,WV
2000,2549,2540,WV
2001,2332,NA,WV
2002,2049,NA,WV
2004,1945,2420,WV
2005,1674,2360,WV
2006,2037,NA,WV
2007,1853,2230,WV
2008,1983,2280,WV
2009,1772,NA,WV
2010,1999,2540,WV
2011,1837,2390,WV
2012,1828,NA,WV
2013,1876,2070,WV
2014,1730,2020,WV
2015,1519,NA,WV
1972,7427,NA,WI
1974,10920,10730,WI
1975,12319,11310,WI
1976,14243,14450,WI
1977,16133,16140,WI
1978,17764,17510,WI
1979,20035,20240,WI
1980,21754,21790,WI
1981,20819,21360,WI
1982,19412,20380,WI
1983,18866,NA,WI
1984,18836,18640,WI
1985,17309,17830,WI
1986,17454,NA,WI
1987,17318,18330,WI
1988,17986,18040,WI
1989,17575,NA,WI
1990,16848,NA,WI
1991,16237,15510,WI
1992,15549,15450,WI
1993,14671,NA,WI
1994,13396,NA,WI
1995,12782,13300,WI
1996,13673,14160,WI
1997,13218,NA,WI
1998,11681,NA,WI
1999,11013,11400,WI
2000,11040,11130,WI
2001,10925,NA,WI
2002,10489,NA,WI
2003,10557,NA,WI
2004,9943,9700,WI
2005,9817,9800,WI
2006,9580,NA,WI
2007,8267,8270,WI
2008,8229,8230,WI
2009,8542,NA,WI
2010,7825,8080,WI
2011,7249,7640,WI
2012,6927,NA,WI
2013,6462,6410,WI
2014,5800,6050,WI
2015,5660,NA,WI
2016,5612,NA,WI